,zipcode,time,year_month,count_1m_loc,count_6m_loc,count_2y_loc,count_1m_loc_time,count_6m_loc_time,count_2y_loc_time,count_1m_time,count_6m_time,count_2y_time,crimes_per_pop,crime_type
2463,90001,0,201804,0.038834951456310676,0.0354924578527063,0.03346554288547347,0.010526315789473684,0.01,0.009837962962962962,0.37198879551820724,0.42225321247136166,0.4618058340686078,0.06087904362559289,1
2477,90001,1,201804,0.038834951456310676,0.0354924578527063,0.03346554288547347,0.042105263157894736,0.022,0.027777777777777776,0.6644257703081232,0.736726765614105,0.7699794123151787,0.06087904362559289,1
2491,90001,2,201804,0.038834951456310676,0.0354924578527063,0.03346554288547347,0.031578947368421054,0.048,0.04050925925925926,0.7999999999999999,0.8933160673373842,0.9935295847704607,0.06087904362559289,1
4968,90002,0,201804,0.2233009708737864,0.3176574977817214,0.35795736241943477,0.08421052631578947,0.10200000000000001,0.1261574074074074,0.37198879551820724,0.42225321247136166,0.4618058340686078,0.7260196844480002,1
4982,90002,1,201804,0.2233009708737864,0.3176574977817214,0.35795736241943477,0.10526315789473684,0.246,0.31481481481481477,0.6644257703081232,0.736726765614105,0.7699794123151787,0.7260196844480002,1
4996,90002,2,201804,0.2233009708737864,0.3176574977817214,0.35795736241943477,0.29473684210526313,0.368,0.39467592592592593,0.7999999999999999,0.8933160673373842,0.9935295847704607,0.7260196844480002,1
7473,90003,0,201804,0.6844660194174756,0.7755102040816327,0.9997521070897372,0.24210526315789474,0.334,0.46469907407407407,0.37198879551820724,0.42225321247136166,0.4618058340686078,1.5674138458601239,1
7487,90003,1,201804,0.6844660194174756,0.7755102040816327,0.9997521070897372,0.5894736842105263,0.744,0.8935185185185185,0.6644257703081232,0.736726765614105,0.7699794123151787,1.5674138458601239,1
7501,90003,2,201804,0.6844660194174756,0.7755102040816327,0.9997521070897372,0.6526315789473685,0.67,0.9756944444444444,0.7999999999999999,0.8933160673373842,0.9935295847704607,1.5674138458601239,1
9978,90004,0,201804,0.13106796116504854,0.160603371783496,0.173029251363411,0.042105263157894736,0.10400000000000001,0.10300925925925926,0.37198879551820724,0.42225321247136166,0.4618058340686078,0.28910188135489695,1
9992,90004,1,201804,0.13106796116504854,0.160603371783496,0.173029251363411,0.08421052631578947,0.1,0.11631944444444443,0.6644257703081232,0.736726765614105,0.7699794123151787,0.28910188135489695,1
10006,90004,2,201804,0.13106796116504854,0.160603371783496,0.173029251363411,0.15789473684210525,0.158,0.18460648148148148,0.7999999999999999,0.8933160673373842,0.9935295847704607,0.28910188135489695,1
12483,90005,0,201804,0.11650485436893203,0.14463176574977818,0.173029251363411,0.07368421052631578,0.08,0.10069444444444443,0.37198879551820724,0.42225321247136166,0.4618058340686078,0.4770668236683605,1
12497,90005,1,201804,0.11650485436893203,0.14463176574977818,0.173029251363411,0.09473684210526316,0.1,0.11458333333333333,0.6644257703081232,0.736726765614105,0.7699794123151787,0.4770668236683605,1
12511,90005,2,201804,0.11650485436893203,0.14463176574977818,0.173029251363411,0.08421052631578947,0.146,0.18865740740740738,0.7999999999999999,0.8933160673373842,0.9935295847704607,0.4770668236683605,1
14988,90006,0,201804,0.2378640776699029,0.2635314995563443,0.30664352999504213,0.10526315789473684,0.126,0.1585648148148148,0.37198879551820724,0.42225321247136166,0.4618058340686078,0.5382750632465138,1
15002,90006,1,201804,0.2378640776699029,0.2635314995563443,0.30664352999504213,0.12631578947368421,0.194,0.2204861111111111,0.6644257703081232,0.736726765614105,0.7699794123151787,0.5382750632465138,1
15016,90006,2,201804,0.2378640776699029,0.2635314995563443,0.30664352999504213,0.28421052631578947,0.274,0.3368055555555555,0.7999999999999999,0.8933160673373842,0.9935295847704607,0.5382750632465138,1
17493,90007,0,201804,0.1844660194174757,0.2803904170363798,0.29499256321269207,0.09473684210526316,0.12,0.13831018518518517,0.37198879551820724,0.42225321247136166,0.4618058340686078,0.7489581470501712,1
17507,90007,1,201804,0.1844660194174757,0.2803904170363798,0.29499256321269207,0.10526315789473684,0.23800000000000002,0.2523148148148148,0.6644257703081232,0.736726765614105,0.7699794123151787,0.7489581470501712,1
17521,90007,2,201804,0.1844660194174757,0.2803904170363798,0.29499256321269207,0.19999999999999998,0.274,0.2980324074074074,0.7999999999999999,0.8933160673373842,0.9935295847704607,0.7489581470501712,1
19998,90008,0,201804,0.19902912621359223,0.20763087843833186,0.2263262270699058,0.05263157894736842,0.06,0.0792824074074074,0.37198879551820724,0.42225321247136166,0.4618058340686078,0.7273636397669642,1
20012,90008,1,201804,0.19902912621359223,0.20763087843833186,0.2263262270699058,0.16842105263157894,0.186,0.203125,0.6644257703081232,0.736726765614105,0.7699794123151787,0.7273636397669642,1
20026,90008,2,201804,0.19902912621359223,0.20763087843833186,0.2263262270699058,0.21052631578947367,0.222,0.24594907407407407,0.7999999999999999,0.8933160673373842,0.9935295847704607,0.7273636397669642,1
22503,90010,0,201804,0.08252427184466019,0.13842058562555457,0.158155676747645,0.042105263157894736,0.114,0.1244212962962963,0.37198879551820724,0.42225321247136166,0.4618058340686078,4.323976202280614,1
22517,90010,1,201804,0.08252427184466019,0.13842058562555457,0.158155676747645,0.06315789473684211,0.09,0.10243055555555555,0.6644257703081232,0.736726765614105,0.7699794123151787,4.323976202280614,1
22531,90010,2,201804,0.08252427184466019,0.13842058562555457,0.158155676747645,0.07368421052631578,0.108,0.1423611111111111,0.7999999999999999,0.8933160673373842,0.9935295847704607,4.323976202280614,1
25008,90011,0,201804,0.3932038834951456,0.44986690328305234,0.5411502231036192,0.12631578947368421,0.158,0.20023148148148148,0.37198879551820724,0.42225321247136166,0.4618058340686078,0.5411502231036192,1
25022,90011,1,201804,0.3932038834951456,0.44986690328305234,0.5411502231036192,0.3157894736842105,0.386,0.4785879629629629,0.6644257703081232,0.736726765614105,0.7699794123151787,0.5411502231036192,1
25036,90011,2,201804,0.3932038834951456,0.44986690328305234,0.5411502231036192,0.4105263157894737,0.47000000000000003,0.5844907407407407,0.7999999999999999,0.8933160673373842,0.9935295847704607,0.5411502231036192,1
27513,90012,0,201804,0.16504854368932037,0.18012422360248448,0.180466038671294,0.1368421052631579,0.106,0.0949074074074074,0.37198879551820724,0.42225321247136166,0.4618058340686078,0.6028028707725325,1
27527,90012,1,201804,0.16504854368932037,0.18012422360248448,0.180466038671294,0.06315789473684211,0.116,0.1412037037037037,0.6644257703081232,0.736726765614105,0.7699794123151787,0.6028028707725325,1
27541,90012,2,201804,0.16504854368932037,0.18012422360248448,0.180466038671294,0.15789473684210525,0.184,0.18518518518518517,0.7999999999999999,0.8933160673373842,0.9935295847704607,0.6028028707725325,1
30018,90013,0,201804,0.587378640776699,0.6308784383318545,0.6970748636588993,0.3894736842105263,0.376,0.3987268518518518,0.37198879551820724,0.42225321247136166,0.4618058340686078,6.151928451856131,1
30032,90013,1,201804,0.587378640776699,0.6308784383318545,0.6970748636588993,0.49473684210526314,0.542,0.6261574074074073,0.6644257703081232,0.736726765614105,0.7699794123151787,6.151928451856131,1
30046,90013,2,201804,0.587378640776699,0.6308784383318545,0.6970748636588993,0.3894736842105263,0.504,0.6024305555555555,0.7999999999999999,0.8933160673373842,0.9935295847704607,6.151928451856131,1
32523,90014,0,201804,0.2669902912621359,0.28748890860692106,0.32920178482895385,0.1368421052631579,0.186,0.21238425925925924,0.37198879551820724,0.42225321247136166,0.4618058340686078,4.88243138179153,1
32537,90014,1,201804,0.2669902912621359,0.28748890860692106,0.32920178482895385,0.23157894736842105,0.232,0.2488425925925926,0.6644257703081232,0.736726765614105,0.7699794123151787,4.88243138179153,1
32551,90014,2,201804,0.2669902912621359,0.28748890860692106,0.32920178482895385,0.21052631578947367,0.23,0.30729166666666663,0.7999999999999999,0.8933160673373842,0.9935295847704607,4.88243138179153,1
35028,90015,0,201804,0.24271844660194172,0.2635314995563443,0.27268220128904314,0.15789473684210525,0.134,0.14756944444444445,0.37198879551820724,0.42225321247136166,0.4618058340686078,1.492125737718385,1
35042,90015,1,201804,0.24271844660194172,0.2635314995563443,0.27268220128904314,0.17894736842105263,0.188,0.20833333333333331,0.6644257703081232,0.736726765614105,0.7699794123151787,1.492125737718385,1
35056,90015,2,201804,0.24271844660194172,0.2635314995563443,0.27268220128904314,0.18947368421052632,0.272,0.2806712962962963,0.7999999999999999,0.8933160673373842,0.9935295847704607,1.492125737718385,1
37533,90016,0,201804,0.21844660194174756,0.25998225377107365,0.29176995537927614,0.031578947368421054,0.08,0.11863425925925926,0.37198879551820724,0.42225321247136166,0.4618058340686078,0.6368720943832203,1
37547,90016,1,201804,0.21844660194174756,0.25998225377107365,0.29176995537927614,0.23157894736842105,0.248,0.24247685185185183,0.6644257703081232,0.736726765614105,0.7699794123151787,0.6368720943832203,1
37561,90016,2,201804,0.21844660194174756,0.25998225377107365,0.29176995537927614,0.21052631578947367,0.258,0.32002314814814814,0.7999999999999999,0.8933160673373842,0.9935295847704607,0.6368720943832203,1
40038,90017,0,201804,0.24271844660194172,0.290150842945874,0.3341596430342092,0.11578947368421053,0.162,0.15162037037037035,0.37198879551820724,0.42225321247136166,0.4618058340686078,1.4606409304152668,1
40052,90017,1,201804,0.24271844660194172,0.290150842945874,0.3341596430342092,0.16842105263157894,0.212,0.2621527777777778,0.6644257703081232,0.736726765614105,0.7699794123151787,1.4606409304152668,1
40066,90017,2,201804,0.24271844660194172,0.290150842945874,0.3341596430342092,0.24210526315789474,0.28,0.3663194444444444,0.7999999999999999,0.8933160673373842,0.9935295847704607,1.4606409304152668,1
42543,90018,0,201804,0.2621359223300971,0.29547471162378,0.32845810609816556,0.11578947368421053,0.14,0.16319444444444445,0.37198879551820724,0.42225321247136166,0.4618058340686078,0.6920334528239832,1
42557,90018,1,201804,0.2621359223300971,0.29547471162378,0.32845810609816556,0.17894736842105263,0.23600000000000002,0.2743055555555555,0.6644257703081232,0.736726765614105,0.7699794123151787,0.6920334528239832,1
42571,90018,2,201804,0.2621359223300971,0.29547471162378,0.32845810609816556,0.2736842105263158,0.29,0.3292824074074074,0.7999999999999999,0.8933160673373842,0.9935295847704607,0.6920334528239832,1
45048,90019,0,201804,0.3106796116504854,0.2236024844720497,0.2099652949925632,0.10526315789473684,0.084,0.09201388888888888,0.37198879551820724,0.42225321247136166,0.4618058340686078,0.3384174877806847,1
45062,90019,1,201804,0.3106796116504854,0.2236024844720497,0.2099652949925632,0.3368421052631579,0.24,0.20023148148148148,0.6644257703081232,0.736726765614105,0.7699794123151787,0.3384174877806847,1
45076,90019,2,201804,0.3106796116504854,0.2236024844720497,0.2099652949925632,0.23157894736842105,0.18,0.19791666666666666,0.7999999999999999,0.8933160673373842,0.9935295847704607,0.3384174877806847,1
47553,90020,0,201804,0.05339805825242718,0.0878438331854481,0.10262766484878531,0.05263157894736842,0.076,0.08159722222222222,0.37198879551820724,0.42225321247136166,0.4618058340686078,0.2736210987879489,1
47567,90020,1,201804,0.05339805825242718,0.0878438331854481,0.10262766484878531,0.021052631578947368,0.056,0.07349537037037036,0.6644257703081232,0.736726765614105,0.7699794123151787,0.2736210987879489,1
47581,90020,2,201804,0.05339805825242718,0.0878438331854481,0.10262766484878531,0.042105263157894736,0.066,0.08449074074074074,0.7999999999999999,0.8933160673373842,0.9935295847704607,0.2736210987879489,1
50058,90021,0,201804,0.1116504854368932,0.12156166814551908,0.1425384234010907,0.09473684210526316,0.076,0.08738425925925926,0.37198879551820724,0.42225321247136166,0.4618058340686078,3.748064258158976,1
50072,90021,1,201804,0.1116504854368932,0.12156166814551908,0.1425384234010907,0.07368421052631578,0.114,0.13194444444444445,0.6644257703081232,0.736726765614105,0.7699794123151787,3.748064258158976,1
50086,90021,2,201804,0.1116504854368932,0.12156166814551908,0.1425384234010907,0.07368421052631578,0.084,0.11342592592592592,0.7999999999999999,0.8933160673373842,0.9935295847704607,3.748064258158976,1
52563,90023,0,201804,0.09708737864077668,0.13487133984028393,0.17055032226078332,0.042105263157894736,0.052000000000000005,0.07291666666666666,0.37198879551820724,0.42225321247136166,0.4618058340686078,0.38600557872725744,1
52577,90023,1,201804,0.09708737864077668,0.13487133984028393,0.17055032226078332,0.06315789473684211,0.112,0.16145833333333331,0.6644257703081232,0.736726765614105,0.7699794123151787,0.38600557872725744,1
52591,90023,2,201804,0.09708737864077668,0.13487133984028393,0.17055032226078332,0.10526315789473684,0.14,0.16377314814814814,0.7999999999999999,0.8933160673373842,0.9935295847704607,0.38600557872725744,1
55068,90024,0,201804,0.07281553398058252,0.0816326530612245,0.07337630143777887,0.021052631578947368,0.05,0.04976851851851852,0.37198879551820724,0.42225321247136166,0.4618058340686078,0.1606509885563037,1
55082,90024,1,201804,0.07281553398058252,0.0816326530612245,0.07337630143777887,0.08421052631578947,0.068,0.05555555555555555,0.6644257703081232,0.736726765614105,0.7699794123151787,0.1606509885563037,1
55096,90024,2,201804,0.07281553398058252,0.0816326530612245,0.07337630143777887,0.05263157894736842,0.066,0.06597222222222222,0.7999999999999999,0.8933160673373842,0.9935295847704607,0.1606509885563037,1
57573,90025,0,201804,0.14563106796116504,0.17213842058562556,0.1685671789786812,0.05263157894736842,0.052000000000000005,0.07407407407407407,0.37198879551820724,0.42225321247136166,0.4618058340686078,0.4155166763578225,1
57587,90025,1,201804,0.14563106796116504,0.17213842058562556,0.1685671789786812,0.1368421052631579,0.16,0.14814814814814814,0.6644257703081232,0.736726765614105,0.7699794123151787,0.4155166763578225,1
57601,90025,2,201804,0.14563106796116504,0.17213842058562556,0.1685671789786812,0.12631578947368421,0.176,0.17129629629629628,0.7999999999999999,0.8933160673373842,0.9935295847704607,0.4155166763578225,1
60078,90026,0,201804,0.1553398058252427,0.1419698314108252,0.16013882002974714,0.09473684210526316,0.092,0.11168981481481481,0.37198879551820724,0.42225321247136166,0.4618058340686078,0.24513610470952113,1
60092,90026,1,201804,0.1553398058252427,0.1419698314108252,0.16013882002974714,0.07368421052631578,0.08,0.09664351851851852,0.6644257703081232,0.736726765614105,0.7699794123151787,0.24513610470952113,1
60106,90026,2,201804,0.1553398058252427,0.1419698314108252,0.16013882002974714,0.16842105263157894,0.148,0.16550925925925924,0.7999999999999999,0.8933160673373842,0.9935295847704607,0.24513610470952113,1
62583,90027,0,201804,0.029126213592233007,0.021295474711623782,0.027020327218641546,0.010526315789473684,0.01,0.016782407407407406,0.37198879551820724,0.42225321247136166,0.4618058340686078,0.06217350303202825,1
62597,90027,1,201804,0.029126213592233007,0.021295474711623782,0.027020327218641546,0.021052631578947368,0.02,0.017939814814814815,0.6644257703081232,0.736726765614105,0.7699794123151787,0.06217350303202825,1
62611,90027,2,201804,0.029126213592233007,0.021295474711623782,0.027020327218641546,0.031578947368421054,0.018000000000000002,0.02835648148148148,0.7999999999999999,0.8933160673373842,0.9935295847704607,0.06217350303202825,1
65088,90028,0,201804,0.5679611650485437,0.6743566992014197,0.6663361427863163,0.4842105263157895,0.542,0.5792824074074073,0.37198879551820724,0.42225321247136166,0.4618058340686078,2.4109143465332576,1
65102,90028,1,201804,0.5679611650485437,0.6743566992014197,0.6663361427863163,0.34736842105263155,0.388,0.37152777777777773,0.6644257703081232,0.736726765614105,0.7699794123151787,2.4109143465332576,1
65116,90028,2,201804,0.5679611650485437,0.6743566992014197,0.6663361427863163,0.39999999999999997,0.59,0.6047453703703703,0.7999999999999999,0.8933160673373842,0.9935295847704607,2.4109143465332576,1
67593,90029,0,201804,0.3543689320388349,0.391304347826087,0.4576103123450669,0.18947368421052632,0.196,0.27604166666666663,0.37198879551820724,0.42225321247136166,0.4618058340686078,1.2311171393467562,1
67607,90029,1,201804,0.3543689320388349,0.391304347826087,0.4576103123450669,0.23157894736842105,0.28800000000000003,0.3414351851851852,0.6644257703081232,0.736726765614105,0.7699794123151787,1.2311171393467562,1
67621,90029,2,201804,0.3543689320388349,0.391304347826087,0.4576103123450669,0.34736842105263155,0.398,0.4508101851851852,0.7999999999999999,0.8933160673373842,0.9935295847704607,1.2311171393467562,1
70098,90031,0,201804,0.2087378640776699,0.19520851818988466,0.21764997521070895,0.09473684210526316,0.08,0.09837962962962962,0.37198879551820724,0.42225321247136166,0.4618058340686078,0.5751371254601427,1
70112,90031,1,201804,0.2087378640776699,0.19520851818988466,0.21764997521070895,0.09473684210526316,0.14,0.15162037037037035,0.6644257703081232,0.736726765614105,0.7699794123151787,0.5751371254601427,1
70126,90031,2,201804,0.2087378640776699,0.19520851818988466,0.21764997521070895,0.2631578947368421,0.22,0.25810185185185186,0.7999999999999999,0.8933160673373842,0.9935295847704607,0.5751371254601427,1
72603,90032,0,201804,0.08737864077669902,0.10825199645075421,0.15146256817055032,0.031578947368421054,0.04,0.06018518518518518,0.37198879551820724,0.42225321247136166,0.4618058340686078,0.34368036370014443,1
72617,90032,1,201804,0.08737864077669902,0.10825199645075421,0.15146256817055032,0.031578947368421054,0.078,0.1105324074074074,0.6644257703081232,0.736726765614105,0.7699794123151787,0.34368036370014443,1
72631,90032,2,201804,0.08737864077669902,0.10825199645075421,0.15146256817055032,0.12631578947368421,0.126,0.18287037037037035,0.7999999999999999,0.8933160673373842,0.9935295847704607,0.34368036370014443,1
75108,90033,0,201804,0.3203883495145631,0.30789707187222715,0.34853743182944963,0.15789473684210525,0.13,0.15914351851851852,0.37198879551820724,0.42225321247136166,0.4618058340686078,0.7412235091219435,1
75122,90033,1,201804,0.3203883495145631,0.30789707187222715,0.34853743182944963,0.30526315789473685,0.27,0.28009259259259256,0.6644257703081232,0.736726765614105,0.7699794123151787,0.7412235091219435,1
75136,90033,2,201804,0.3203883495145631,0.30789707187222715,0.34853743182944963,0.23157894736842105,0.294,0.3744212962962963,0.7999999999999999,0.8933160673373842,0.9935295847704607,0.7412235091219435,1
77613,90034,0,201804,0.058252427184466014,0.060337178349600715,0.06668319286068418,0.021052631578947368,0.02,0.027199074074074073,0.37198879551820724,0.42225321247136166,0.4618058340686078,0.11951987910914016,1
77627,90034,1,201804,0.058252427184466014,0.060337178349600715,0.06668319286068418,0.021052631578947368,0.046,0.052662037037037035,0.6644257703081232,0.736726765614105,0.7699794123151787,0.11951987910914016,1
77641,90034,2,201804,0.058252427184466014,0.060337178349600715,0.06668319286068418,0.08421052631578947,0.07,0.07581018518518517,0.7999999999999999,0.8933160673373842,0.9935295847704607,0.11951987910914016,1
80118,90035,0,201804,0.13592233009708737,0.1171251109139308,0.13634110064452157,0.08421052631578947,0.042,0.05844907407407407,0.37198879551820724,0.42225321247136166,0.4618058340686078,0.4984428752255836,1
80132,90035,1,201804,0.13592233009708737,0.1171251109139308,0.13634110064452157,0.1368421052631579,0.098,0.11863425925925926,0.6644257703081232,0.736726765614105,0.7699794123151787,0.4984428752255836,1
80146,90035,2,201804,0.13592233009708737,0.1171251109139308,0.13634110064452157,0.07368421052631578,0.124,0.1412037037037037,0.7999999999999999,0.8933160673373842,0.9935295847704607,0.4984428752255836,1
82623,90036,0,201804,0.13106796116504854,0.14463176574977818,0.13981160138820029,0.06315789473684211,0.068,0.06655092592592592,0.37198879551820724,0.42225321247136166,0.4618058340686078,0.3940134786768724,1
82637,90036,1,201804,0.13106796116504854,0.14463176574977818,0.13981160138820029,0.07368421052631578,0.114,0.11747685185185185,0.6644257703081232,0.736726765614105,0.7699794123151787,0.3940134786768724,1
82651,90036,2,201804,0.13106796116504854,0.14463176574977818,0.13981160138820029,0.14736842105263157,0.14400000000000002,0.1423611111111111,0.7999999999999999,0.8933160673373842,0.9935295847704607,0.3940134786768724,1
85128,90037,0,201804,0.5048543689320388,0.6992014196983142,0.7880515617253346,0.14736842105263157,0.246,0.3171296296296296,0.37198879551820724,0.42225321247136166,0.4618058340686078,1.3146678150614757,1
85142,90037,1,201804,0.5048543689320388,0.6992014196983142,0.7880515617253346,0.5263157894736842,0.596,0.671875,0.6644257703081232,0.736726765614105,0.7699794123151787,1.3146678150614757,1
85156,90037,2,201804,0.5048543689320388,0.6992014196983142,0.7880515617253346,0.42105263157894735,0.734,0.8506944444444444,0.7999999999999999,0.8933160673373842,0.9935295847704607,1.3146678150614757,1
87633,90038,0,201804,0.1553398058252427,0.2466725820763088,0.255825483391175,0.11578947368421053,0.168,0.18402777777777776,0.37198879551820724,0.42225321247136166,0.4618058340686078,0.9191209710715479,1
87647,90038,1,201804,0.1553398058252427,0.2466725820763088,0.255825483391175,0.08421052631578947,0.188,0.18692129629629628,0.6644257703081232,0.736726765614105,0.7699794123151787,0.9191209710715479,1
87661,90038,2,201804,0.1553398058252427,0.2466725820763088,0.255825483391175,0.1368421052631579,0.2,0.22627314814814814,0.7999999999999999,0.8933160673373842,0.9935295847704607,0.9191209710715479,1
90138,90039,0,201804,0.04368932038834951,0.05323868677905945,0.08155676747645017,0.010526315789473684,0.022,0.041666666666666664,0.37198879551820724,0.42225321247136166,0.4618058340686078,0.2971556318532427,1
90152,90039,1,201804,0.04368932038834951,0.05323868677905945,0.08155676747645017,0.031578947368421054,0.042,0.05555555555555555,0.6644257703081232,0.736726765614105,0.7699794123151787,0.2971556318532427,1
90166,90039,2,201804,0.04368932038834951,0.05323868677905945,0.08155676747645017,0.05263157894736842,0.056,0.0931712962962963,0.7999999999999999,0.8933160673373842,0.9935295847704607,0.2971556318532427,1
92643,90041,0,201804,0.08252427184466019,0.05767524401064774,0.05651958353991075,0.021052631578947368,0.026000000000000002,0.02488425925925926,0.37198879551820724,0.42225321247136166,0.4618058340686078,0.21410875380595834,1
92657,90041,1,201804,0.08252427184466019,0.05767524401064774,0.05651958353991075,0.06315789473684211,0.036000000000000004,0.04456018518518518,0.6644257703081232,0.736726765614105,0.7699794123151787,0.21410875380595834,1
92671,90041,2,201804,0.08252427184466019,0.05767524401064774,0.05651958353991075,0.09473684210526316,0.068,0.0625,0.7999999999999999,0.8933160673373842,0.9935295847704607,0.21410875380595834,1
95148,90042,0,201804,0.13592233009708737,0.12422360248447205,0.14675260287555775,0.031578947368421054,0.07200000000000001,0.07002314814814814,0.37198879551820724,0.42225321247136166,0.4618058340686078,0.24421626490385145,1
95162,90042,1,201804,0.13592233009708737,0.12422360248447205,0.14675260287555775,0.11578947368421053,0.084,0.11747685185185185,0.6644257703081232,0.736726765614105,0.7699794123151787,0.24421626490385145,1
95176,90042,2,201804,0.13592233009708737,0.12422360248447205,0.14675260287555775,0.14736842105263157,0.124,0.1550925925925926,0.7999999999999999,0.8933160673373842,0.9935295847704607,0.24421626490385145,1
97653,90043,0,201804,0.3495145631067961,0.357586512866016,0.41422905304908275,0.11578947368421053,0.13,0.1736111111111111,0.37198879551820724,0.42225321247136166,0.4618058340686078,0.9608404916246245,1
97667,90043,1,201804,0.3495145631067961,0.357586512866016,0.41422905304908275,0.2631578947368421,0.354,0.3674768518518518,0.6644257703081232,0.736726765614105,0.7699794123151787,0.9608404916246245,1
97681,90043,2,201804,0.3495145631067961,0.357586512866016,0.41422905304908275,0.37894736842105264,0.322,0.42592592592592593,0.7999999999999999,0.8933160673373842,0.9935295847704607,0.9608404916246245,1
100158,90044,0,201804,0.27184466019417475,0.3300798580301686,0.3894397620228061,0.08421052631578947,0.124,0.16840277777777776,0.37198879551820724,0.42225321247136166,0.4618058340686078,0.45065857000048304,1
100172,90044,1,201804,0.27184466019417475,0.3300798580301686,0.3894397620228061,0.19999999999999998,0.28,0.34259259259259256,0.6644257703081232,0.736726765614105,0.7699794123151787,0.45065857000048304,1
100186,90044,2,201804,0.27184466019417475,0.3300798580301686,0.3894397620228061,0.30526315789473685,0.34,0.39814814814814814,0.7999999999999999,0.8933160673373842,0.9935295847704607,0.45065857000048304,1
102663,90045,0,201804,0.1262135922330097,0.1171251109139308,0.12592959841348536,0.07368421052631578,0.062,0.06655092592592592,0.37198879551820724,0.42225321247136166,0.4618058340686078,0.33138495031341997,1
102677,90045,1,201804,0.1262135922330097,0.1171251109139308,0.12592959841348536,0.09473684210526316,0.076,0.09837962962962962,0.6644257703081232,0.736726765614105,0.7699794123151787,0.33138495031341997,1
102691,90045,2,201804,0.1262135922330097,0.1171251109139308,0.12592959841348536,0.10526315789473684,0.126,0.12905092592592593,0.7999999999999999,0.8933160673373842,0.9935295847704607,0.33138495031341997,1
105168,90046,0,201804,0.014563106796116504,0.037267080745341616,0.0406544372830937,0.010526315789473684,0.03,0.030671296296296294,0.37198879551820724,0.42225321247136166,0.4618058340686078,0.08694079574762088,1
105182,90046,1,201804,0.014563106796116504,0.037267080745341616,0.0406544372830937,0.010526315789473684,0.032,0.03009259259259259,0.6644257703081232,0.736726765614105,0.7699794123151787,0.08694079574762088,1
105196,90046,2,201804,0.014563106796116504,0.037267080745341616,0.0406544372830937,0.010526315789473684,0.022,0.03414351851851852,0.7999999999999999,0.8933160673373842,0.9935295847704607,0.08694079574762088,1
107673,90047,0,201804,0.15048543689320387,0.17391304347826086,0.21839365394149726,0.042105263157894736,0.078,0.09143518518518517,0.37198879551820724,0.42225321247136166,0.4618058340686078,0.4668014956032184,1
107687,90047,1,201804,0.15048543689320387,0.17391304347826086,0.21839365394149726,0.14736842105263157,0.14200000000000002,0.17881944444444445,0.6644257703081232,0.736726765614105,0.7699794123151787,0.4668014956032184,1
107701,90047,2,201804,0.15048543689320387,0.17391304347826086,0.21839365394149726,0.1368421052631579,0.17200000000000001,0.23958333333333331,0.7999999999999999,0.8933160673373842,0.9935295847704607,0.4668014956032184,1
110178,90048,0,201804,0.10194174757281553,0.11357586512866016,0.12518591968269707,0.021052631578947368,0.04,0.06597222222222222,0.37198879551820724,0.42225321247136166,0.4618058340686078,0.607833601330783,1
110192,90048,1,201804,0.10194174757281553,0.11357586512866016,0.12518591968269707,0.11578947368421053,0.12,0.10648148148148148,0.6644257703081232,0.736726765614105,0.7699794123151787,0.607833601330783,1
110206,90048,2,201804,0.10194174757281553,0.11357586512866016,0.12518591968269707,0.08421052631578947,0.096,0.11979166666666666,0.7999999999999999,0.8933160673373842,0.9935295847704607,0.607833601330783,1
112683,90049,0,201804,0.0,0.005323868677905946,0.006941001487357461,0.0,0.004,0.003472222222222222,0.37198879551820724,0.42225321247136166,0.4618058340686078,0.020323390071713583,1
112697,90049,1,201804,0.0,0.005323868677905946,0.006941001487357461,0.0,0.008,0.009259259259259259,0.6644257703081232,0.736726765614105,0.7699794123151787,0.020323390071713583,1
112711,90049,2,201804,0.0,0.005323868677905946,0.006941001487357461,0.0,0.0,0.003472222222222222,0.7999999999999999,0.8933160673373842,0.9935295847704607,0.020323390071713583,1
115188,90056,0,201804,0.03398058252427184,0.01774622892635315,0.02602875557759048,0.010526315789473684,0.006,0.009837962962962962,0.37198879551820724,0.42225321247136166,0.4618058340686078,0.3454937363571011,1
115202,90056,1,201804,0.03398058252427184,0.01774622892635315,0.02602875557759048,0.031578947368421054,0.018000000000000002,0.018518518518518517,0.6644257703081232,0.736726765614105,0.7699794123151787,0.3454937363571011,1
115216,90056,2,201804,0.03398058252427184,0.01774622892635315,0.02602875557759048,0.031578947368421054,0.016,0.032407407407407406,0.7999999999999999,0.8933160673373842,0.9935295847704607,0.3454937363571011,1
117693,90057,0,201804,0.5145631067961165,0.5874001774622892,0.681457610312345,0.24210526315789474,0.266,0.3258101851851852,0.37198879551820724,0.42225321247136166,0.4618058340686078,1.5733586837319469,1
117707,90057,1,201804,0.5145631067961165,0.5874001774622892,0.681457610312345,0.4105263157894737,0.424,0.5167824074074073,0.6644257703081232,0.736726765614105,0.7699794123151787,1.5733586837319469,1
117721,90057,2,201804,0.5145631067961165,0.5874001774622892,0.681457610312345,0.4631578947368421,0.634,0.7482638888888888,0.7999999999999999,0.8933160673373842,0.9935295847704607,1.5733586837319469,1
120198,90058,0,201804,0.02427184466019417,0.015084294587400179,0.023301933564700048,0.0,0.008,0.013310185185185185,0.37198879551820724,0.42225321247136166,0.4618058340686078,0.7511276704634865,1
120212,90058,1,201804,0.02427184466019417,0.015084294587400179,0.023301933564700048,0.010526315789473684,0.008,0.015625,0.6644257703081232,0.736726765614105,0.7699794123151787,0.7511276704634865,1
120226,90058,2,201804,0.02427184466019417,0.015084294587400179,0.023301933564700048,0.042105263157894736,0.018000000000000002,0.02546296296296296,0.7999999999999999,0.8933160673373842,0.9935295847704607,0.7511276704634865,1
122703,90059,0,201804,0.21359223300970873,0.2440106477373558,0.2964799206742687,0.05263157894736842,0.09,0.13020833333333331,0.37198879551820724,0.42225321247136166,0.4618058340686078,0.7521462179793692,1
122717,90059,1,201804,0.21359223300970873,0.2440106477373558,0.2964799206742687,0.18947368421052632,0.222,0.22743055555555555,0.6644257703081232,0.736726765614105,0.7699794123151787,0.7521462179793692,1
122731,90059,2,201804,0.21359223300970873,0.2440106477373558,0.2964799206742687,0.22105263157894736,0.23800000000000002,0.3344907407407407,0.7999999999999999,0.8933160673373842,0.9935295847704607,0.7521462179793692,1
125208,90061,0,201804,0.15048543689320387,0.2209405501330967,0.2711948438274665,0.031578947368421054,0.094,0.11284722222222221,0.37198879551820724,0.42225321247136166,0.4618058340686078,1.0484881927256307,1
125222,90061,1,201804,0.15048543689320387,0.2209405501330967,0.2711948438274665,0.09473684210526316,0.158,0.23379629629629628,0.6644257703081232,0.736726765614105,0.7699794123151787,1.0484881927256307,1
125236,90061,2,201804,0.15048543689320387,0.2209405501330967,0.2711948438274665,0.19999999999999998,0.246,0.2864583333333333,0.7999999999999999,0.8933160673373842,0.9935295847704607,1.0484881927256307,1
127713,90062,0,201804,0.4223300970873786,0.49423247559893524,0.5594942984630639,0.17894736842105263,0.19,0.20081018518518517,0.37198879551820724,0.42225321247136166,0.4618058340686078,1.7710301835996656,1
127727,90062,1,201804,0.4223300970873786,0.49423247559893524,0.5594942984630639,0.4842105263157895,0.45,0.4994212962962963,0.6644257703081232,0.736726765614105,0.7699794123151787,1.7710301835996656,1
127741,90062,2,201804,0.4223300970873786,0.49423247559893524,0.5594942984630639,0.25263157894736843,0.47400000000000003,0.6059027777777778,0.7999999999999999,0.8933160673373842,0.9935295847704607,1.7710301835996656,1
130218,90063,0,201804,0.03398058252427184,0.03283052351375333,0.0384234010907288,0.0,0.01,0.017939814814814815,0.37198879551820724,0.42225321247136166,0.4618058340686078,0.07159302676060829,1
130232,90063,1,201804,0.03398058252427184,0.03283052351375333,0.0384234010907288,0.042105263157894736,0.026000000000000002,0.029513888888888888,0.6644257703081232,0.736726765614105,0.7699794123151787,0.07159302676060829,1
130246,90063,2,201804,0.03398058252427184,0.03283052351375333,0.0384234010907288,0.031578947368421054,0.038,0.04224537037037037,0.7999999999999999,0.8933160673373842,0.9935295847704607,0.07159302676060829,1
132723,90064,0,201804,0.02427184466019417,0.04791481810115351,0.06817055032226078,0.0,0.008,0.018518518518518517,0.37198879551820724,0.42225321247136166,0.4618058340686078,0.2788007248781765,1
132737,90064,1,201804,0.02427184466019417,0.04791481810115351,0.06817055032226078,0.031578947368421054,0.046,0.06886574074074074,0.6644257703081232,0.736726765614105,0.7699794123151787,0.2788007248781765,1
132751,90064,2,201804,0.02427184466019417,0.04791481810115351,0.06817055032226078,0.021052631578947368,0.054,0.07175925925925926,0.7999999999999999,0.8933160673373842,0.9935295847704607,0.2788007248781765,1
135228,90065,0,201804,0.07766990291262135,0.07453416149068323,0.07709469509172037,0.06315789473684211,0.042,0.03877314814814815,0.37198879551820724,0.42225321247136166,0.4618058340686078,0.1759290544615066,1
135242,90065,1,201804,0.07766990291262135,0.07453416149068323,0.07709469509172037,0.031578947368421054,0.052000000000000005,0.05613425925925926,0.6644257703081232,0.736726765614105,0.7699794123151787,0.1759290544615066,1
135256,90065,2,201804,0.07766990291262135,0.07453416149068323,0.07709469509172037,0.07368421052631578,0.074,0.08506944444444443,0.7999999999999999,0.8933160673373842,0.9935295847704607,0.1759290544615066,1
137733,90066,0,201804,0.06310679611650485,0.07808340727595386,0.08477937530986614,0.010526315789473684,0.03,0.03530092592592592,0.37198879551820724,0.42225321247136166,0.4618058340686078,0.1593411158292348,1
137747,90066,1,201804,0.06310679611650485,0.07808340727595386,0.08477937530986614,0.06315789473684211,0.058,0.0630787037037037,0.6644257703081232,0.736726765614105,0.7699794123151787,0.1593411158292348,1
137761,90066,2,201804,0.06310679611650485,0.07808340727595386,0.08477937530986614,0.06315789473684211,0.088,0.09953703703703703,0.7999999999999999,0.8933160673373842,0.9935295847704607,0.1593411158292348,1
140238,90067,0,201804,0.019417475728155338,0.01774622892635315,0.02107089737233515,0.0,0.002,0.005787037037037037,0.37198879551820724,0.42225321247136166,0.4618058340686078,0.9030930981050509,1
140252,90067,1,201804,0.019417475728155338,0.01774622892635315,0.02107089737233515,0.010526315789473684,0.026000000000000002,0.020833333333333332,0.6644257703081232,0.736726765614105,0.7699794123151787,0.9030930981050509,1
140266,90067,2,201804,0.019417475728155338,0.01774622892635315,0.02107089737233515,0.031578947368421054,0.012,0.022569444444444444,0.7999999999999999,0.8933160673373842,0.9935295847704607,0.9030930981050509,1
142743,90068,0,201804,0.014563106796116504,0.008873114463176575,0.011650966782350024,0.010526315789473684,0.004,0.008101851851851851,0.37198879551820724,0.42225321247136166,0.4618058340686078,0.05431401960656505,1
142757,90068,1,201804,0.014563106796116504,0.008873114463176575,0.011650966782350024,0.0,0.004,0.006944444444444444,0.6644257703081232,0.736726765614105,0.7699794123151787,0.05431401960656505,1
142771,90068,2,201804,0.014563106796116504,0.008873114463176575,0.011650966782350024,0.021052631578947368,0.012,0.012152777777777776,0.7999999999999999,0.8933160673373842,0.9935295847704607,0.05431401960656505,1
145248,90069,0,201804,0.03398058252427184,0.03637976929902396,0.038175508180466035,0.05263157894736842,0.036000000000000004,0.03819444444444444,0.37198879551820724,0.42225321247136166,0.4618058340686078,0.19363032250573534,1
145262,90069,1,201804,0.03398058252427184,0.03637976929902396,0.038175508180466035,0.0,0.014,0.018518518518518517,0.6644257703081232,0.736726765614105,0.7699794123151787,0.19363032250573534,1
145276,90069,2,201804,0.03398058252427184,0.03637976929902396,0.038175508180466035,0.021052631578947368,0.032,0.032407407407407406,0.7999999999999999,0.8933160673373842,0.9935295847704607,0.19363032250573534,1
147753,90071,0,201804,0.23300970873786406,0.25643300798580304,0.24789291026276647,0.14736842105263157,0.17,0.1550925925925926,0.37198879551820724,0.42225321247136166,0.4618058340686078,1716.9393488679555,1
147767,90071,1,201804,0.23300970873786406,0.25643300798580304,0.24789291026276647,0.14736842105263157,0.22,0.22511574074074073,0.6644257703081232,0.736726765614105,0.7699794123151787,1716.9393488679555,1
147781,90071,2,201804,0.23300970873786406,0.25643300798580304,0.24789291026276647,0.21052631578947367,0.188,0.19849537037037035,0.7999999999999999,0.8933160673373842,0.9935295847704607,1716.9393488679555,1
150258,90077,0,201804,0.009708737864077669,0.009760425909494233,0.010907288051561725,0.0,0.006,0.008680555555555556,0.37198879551820724,0.42225321247136166,0.4618058340686078,0.12084674952040639,1
150272,90077,1,201804,0.009708737864077669,0.009760425909494233,0.010907288051561725,0.010526315789473684,0.01,0.010416666666666666,0.6644257703081232,0.736726765614105,0.7699794123151787,0.12084674952040639,1
150286,90077,2,201804,0.009708737864077669,0.009760425909494233,0.010907288051561725,0.010526315789473684,0.006,0.00636574074074074,0.7999999999999999,0.8933160673373842,0.9935295847704607,0.12084674952040639,1
152763,90079,0,201804,0.17475728155339804,0.14374445430346053,0.15047099652949925,0.09473684210526316,0.092,0.08796296296296297,0.37198879551820724,0.42225321247136166,0.4618058340686078,0.0,1
152777,90079,1,201804,0.17475728155339804,0.14374445430346053,0.15047099652949925,0.19999999999999998,0.114,0.1255787037037037,0.6644257703081232,0.736726765614105,0.7699794123151787,0.0,1
152791,90079,2,201804,0.17475728155339804,0.14374445430346053,0.15047099652949925,0.08421052631578947,0.11800000000000001,0.13773148148148148,0.7999999999999999,0.8933160673373842,0.9935295847704607,0.0,1
155268,90094,0,201804,0.02427184466019417,0.05057675244010648,0.05552801189885969,0.021052631578947368,0.024,0.01909722222222222,0.37198879551820724,0.42225321247136166,0.4618058340686078,1.0558045776347604,1
155282,90094,1,201804,0.02427184466019417,0.05057675244010648,0.05552801189885969,0.021052631578947368,0.046,0.05150462962962963,0.6644257703081232,0.736726765614105,0.7699794123151787,1.0558045776347604,1
155296,90094,2,201804,0.02427184466019417,0.05057675244010648,0.05552801189885969,0.010526315789473684,0.044,0.059027777777777776,0.7999999999999999,0.8933160673373842,0.9935295847704607,1.0558045776347604,1
157773,90210,0,201804,0.02427184466019417,0.008873114463176575,0.00768468021814576,0.010526315789473684,0.01,0.00636574074074074,0.37198879551820724,0.42225321247136166,0.4618058340686078,0.03672217456527295,1
157787,90210,1,201804,0.02427184466019417,0.008873114463176575,0.00768468021814576,0.031578947368421054,0.008,0.005787037037037037,0.6644257703081232,0.736726765614105,0.7699794123151787,0.03672217456527295,1
157801,90210,2,201804,0.02427184466019417,0.008873114463176575,0.00768468021814576,0.010526315789473684,0.002,0.005787037037037037,0.7999999999999999,0.8933160673373842,0.9935295847704607,0.03672217456527295,1
160278,90211,0,201804,0.019417475728155338,0.01774622892635315,0.019583539910758552,0.0,0.004,0.009259259259259259,0.37198879551820724,0.42225321247136166,0.4618058340686078,0.24123466070767452,1
160292,90211,1,201804,0.019417475728155338,0.01774622892635315,0.019583539910758552,0.010526315789473684,0.016,0.01273148148148148,0.6644257703081232,0.736726765614105,0.7699794123151787,0.24123466070767452,1
160306,90211,2,201804,0.019417475728155338,0.01774622892635315,0.019583539910758552,0.031578947368421054,0.02,0.02372685185185185,0.7999999999999999,0.8933160673373842,0.9935295847704607,0.24123466070767452,1
162783,90212,0,201804,0.009708737864077669,0.008873114463176575,0.006197322756569161,0.010526315789473684,0.008,0.0028935185185185184,0.37198879551820724,0.42225321247136166,0.4618058340686078,0.055720662555212755,1
162797,90212,1,201804,0.009708737864077669,0.008873114463176575,0.006197322756569161,0.010526315789473684,0.008,0.006944444444444444,0.6644257703081232,0.736726765614105,0.7699794123151787,0.055720662555212755,1
162811,90212,2,201804,0.009708737864077669,0.008873114463176575,0.006197322756569161,0.0,0.004,0.004629629629629629,0.7999999999999999,0.8933160673373842,0.9935295847704607,0.055720662555212755,1
165288,90230,0,201804,0.04368932038834951,0.038154392191659274,0.044372830937035194,0.010526315789473684,0.018000000000000002,0.018518518518518517,0.37198879551820724,0.42225321247136166,0.4618058340686078,0.14512315531418687,1
165302,90230,1,201804,0.04368932038834951,0.038154392191659274,0.044372830937035194,0.042105263157894736,0.03,0.024305555555555552,0.6644257703081232,0.736726765614105,0.7699794123151787,0.14512315531418687,1
165316,90230,2,201804,0.04368932038834951,0.038154392191659274,0.044372830937035194,0.042105263157894736,0.038,0.06076388888888889,0.7999999999999999,0.8933160673373842,0.9935295847704607,0.14512315531418687,1
167793,90232,0,201804,0.04854368932038834,0.038154392191659274,0.043877045116509666,0.021052631578947368,0.014,0.016782407407407406,0.37198879551820724,0.42225321247136166,0.4618058340686078,0.30090923303481565,1
167807,90232,1,201804,0.04854368932038834,0.038154392191659274,0.043877045116509666,0.031578947368421054,0.028,0.03356481481481481,0.6644257703081232,0.736726765614105,0.7699794123151787,0.30090923303481565,1
167821,90232,2,201804,0.04854368932038834,0.038154392191659274,0.043877045116509666,0.05263157894736842,0.044,0.05208333333333333,0.7999999999999999,0.8933160673373842,0.9935295847704607,0.30090923303481565,1
170298,90247,0,201804,0.0,0.031943212067435674,0.0376797223599405,0.0,0.004,0.01099537037037037,0.37198879551820724,0.42225321247136166,0.4618058340686078,0.08243565008147363,1
170312,90247,1,201804,0.0,0.031943212067435674,0.0376797223599405,0.0,0.022,0.029513888888888888,0.6644257703081232,0.736726765614105,0.7699794123151787,0.08243565008147363,1
170326,90247,2,201804,0.0,0.031943212067435674,0.0376797223599405,0.0,0.046,0.0474537037037037,0.7999999999999999,0.8933160673373842,0.9935295847704607,0.08243565008147363,1
172803,90248,0,201804,0.009708737864077669,0.019520851818988466,0.020575111551809615,0.0,0.002,0.004629629629629629,0.37198879551820724,0.42225321247136166,0.4618058340686078,0.21489790784564236,1
172817,90248,1,201804,0.009708737864077669,0.019520851818988466,0.020575111551809615,0.021052631578947368,0.032,0.028935185185185182,0.6644257703081232,0.736726765614105,0.7699794123151787,0.21489790784564236,1
172831,90248,2,201804,0.009708737864077669,0.019520851818988466,0.020575111551809615,0.0,0.01,0.014467592592592591,0.7999999999999999,0.8933160673373842,0.9935295847704607,0.21489790784564236,1
175308,90291,0,201804,0.1844660194174757,0.19964507542147295,0.23921665840356965,0.09473684210526316,0.09,0.11168981481481481,0.37198879551820724,0.42225321247136166,0.4618058340686078,0.8769167310561962,1
175322,90291,1,201804,0.1844660194174757,0.19964507542147295,0.23921665840356965,0.12631578947368421,0.162,0.1753472222222222,0.6644257703081232,0.736726765614105,0.7699794123151787,0.8769167310561962,1
175336,90291,2,201804,0.1844660194174757,0.19964507542147295,0.23921665840356965,0.17894736842105263,0.198,0.27141203703703703,0.7999999999999999,0.8933160673373842,0.9935295847704607,0.8769167310561962,1
177813,90292,0,201804,0.009708737864077669,0.02573203194321207,0.039167079821517105,0.010526315789473684,0.014,0.027199074074074073,0.37198879551820724,0.42225321247136166,0.4618058340686078,0.18859595183616307,1
177827,90292,1,201804,0.009708737864077669,0.02573203194321207,0.039167079821517105,0.0,0.016,0.019675925925925923,0.6644257703081232,0.736726765614105,0.7699794123151787,0.18859595183616307,1
177841,90292,2,201804,0.009708737864077669,0.02573203194321207,0.039167079821517105,0.010526315789473684,0.028,0.04456018518518518,0.7999999999999999,0.8933160673373842,0.9935295847704607,0.18859595183616307,1
180318,90293,0,201804,0.019417475728155338,0.019520851818988466,0.024789291026276646,0.010526315789473684,0.014,0.013310185185185185,0.37198879551820724,0.42225321247136166,0.4618058340686078,0.21228231316369384,1
180332,90293,1,201804,0.019417475728155338,0.019520851818988466,0.024789291026276646,0.031578947368421054,0.014,0.019675925925925923,0.6644257703081232,0.736726765614105,0.7699794123151787,0.21228231316369384,1
180346,90293,2,201804,0.019417475728155338,0.019520851818988466,0.024789291026276646,0.0,0.016,0.02488425925925926,0.7999999999999999,0.8933160673373842,0.9935295847704607,0.21228231316369384,1
182823,90302,0,201804,0.0048543689320388345,0.009760425909494233,0.01338621715418939,0.0,0.004,0.005787037037037037,0.37198879551820724,0.42225321247136166,0.4618058340686078,0.04727930894383967,1
182837,90302,1,201804,0.0048543689320388345,0.009760425909494233,0.01338621715418939,0.010526315789473684,0.012,0.011574074074074073,0.6644257703081232,0.736726765614105,0.7699794123151787,0.04727930894383967,1
182851,90302,2,201804,0.0048543689320388345,0.009760425909494233,0.01338621715418939,0.0,0.006,0.013888888888888888,0.7999999999999999,0.8933160673373842,0.9935295847704607,0.04727930894383967,1
185328,90304,0,201804,0.0,0.00354924578527063,0.006693108577094695,0.0,0.002,0.001736111111111111,0.37198879551820724,0.42225321247136166,0.4618058340686078,0.024649430566874225,1
185342,90304,1,201804,0.0,0.00354924578527063,0.006693108577094695,0.0,0.006,0.009259259259259259,0.6644257703081232,0.736726765614105,0.7699794123151787,0.024649430566874225,1
185356,90304,2,201804,0.0,0.00354924578527063,0.006693108577094695,0.0,0.0,0.004629629629629629,0.7999999999999999,0.8933160673373842,0.9935295847704607,0.024649430566874225,1
187833,90305,0,201804,0.019417475728155338,0.07364685004436558,0.08676251859196826,0.0,0.05,0.04513888888888889,0.37198879551820724,0.42225321247136166,0.4618058340686078,0.6068761584566597,1
187847,90305,1,201804,0.019417475728155338,0.07364685004436558,0.08676251859196826,0.042105263157894736,0.068,0.078125,0.6644257703081232,0.736726765614105,0.7699794123151787,0.6068761584566597,1
187861,90305,2,201804,0.019417475728155338,0.07364685004436558,0.08676251859196826,0.0,0.048,0.0792824074074074,0.7999999999999999,0.8933160673373842,0.9935295847704607,0.6068761584566597,1
190338,90402,0,201804,0.03398058252427184,0.023070097604259095,0.03148239960337134,0.031578947368421054,0.01,0.02025462962962963,0.37198879551820724,0.42225321247136166,0.4618058340686078,0.26700158853824124,1
190352,90402,1,201804,0.03398058252427184,0.023070097604259095,0.03148239960337134,0.021052631578947368,0.026000000000000002,0.03125,0.6644257703081232,0.736726765614105,0.7699794123151787,0.26700158853824124,1
190366,90402,2,201804,0.03398058252427184,0.023070097604259095,0.03148239960337134,0.021052631578947368,0.016,0.02199074074074074,0.7999999999999999,0.8933160673373842,0.9935295847704607,0.26700158853824124,1
192843,90404,0,201804,0.014563106796116504,0.019520851818988466,0.019335647000495785,0.0,0.006,0.00636574074074074,0.37198879551820724,0.42225321247136166,0.4618058340686078,0.09404583512057621,1
192857,90404,1,201804,0.014563106796116504,0.019520851818988466,0.019335647000495785,0.031578947368421054,0.024,0.02199074074074074,0.6644257703081232,0.736726765614105,0.7699794123151787,0.09404583512057621,1
192871,90404,2,201804,0.014563106796116504,0.019520851818988466,0.019335647000495785,0.0,0.014,0.016782407407407406,0.7999999999999999,0.8933160673373842,0.9935295847704607,0.09404583512057621,1
195348,90405,0,201804,0.0048543689320388345,0.00354924578527063,0.006941001487357461,0.0,0.0,0.0011574074074074073,0.37198879551820724,0.42225321247136166,0.4618058340686078,0.026525216159955175,1
195362,90405,1,201804,0.0048543689320388345,0.00354924578527063,0.006941001487357461,0.010526315789473684,0.008,0.008680555555555556,0.6644257703081232,0.736726765614105,0.7699794123151787,0.026525216159955175,1
195376,90405,2,201804,0.0048543689320388345,0.00354924578527063,0.006941001487357461,0.0,0.0,0.00636574074074074,0.7999999999999999,0.8933160673373842,0.9935295847704607,0.026525216159955175,1
197853,90501,0,201804,0.019417475728155338,0.027506654835847383,0.03073872087258304,0.0,0.018000000000000002,0.017939814814814815,0.37198879551820724,0.42225321247136166,0.4618058340686078,0.07395801734354789,1
197867,90501,1,201804,0.019417475728155338,0.027506654835847383,0.03073872087258304,0.010526315789473684,0.02,0.02546296296296296,0.6644257703081232,0.736726765614105,0.7699794123151787,0.07395801734354789,1
197881,90501,2,201804,0.019417475728155338,0.027506654835847383,0.03073872087258304,0.031578947368421054,0.024,0.02835648148148148,0.7999999999999999,0.8933160673373842,0.9935295847704607,0.07395801734354789,1
200358,90502,0,201804,0.029126213592233007,0.023957409050576754,0.027516113039167078,0.0,0.008,0.01099537037037037,0.37198879551820724,0.42225321247136166,0.4618058340686078,0.15872870715519968,1
200372,90502,1,201804,0.029126213592233007,0.023957409050576754,0.027516113039167078,0.031578947368421054,0.02,0.01909722222222222,0.6644257703081232,0.736726765614105,0.7699794123151787,0.15872870715519968,1
200386,90502,2,201804,0.029126213592233007,0.023957409050576754,0.027516113039167078,0.031578947368421054,0.026000000000000002,0.03414351851851852,0.7999999999999999,0.8933160673373842,0.9935295847704607,0.15872870715519968,1
202863,90710,0,201804,0.10679611650485436,0.08606921029281278,0.10188398611799701,0.05263157894736842,0.042,0.05208333333333333,0.37198879551820724,0.42225321247136166,0.4618058340686078,0.41579648370864375,1
202877,90710,1,201804,0.10679611650485436,0.08606921029281278,0.10188398611799701,0.042105263157894736,0.044,0.0775462962962963,0.6644257703081232,0.736726765614105,0.7699794123151787,0.41579648370864375,1
202891,90710,2,201804,0.10679611650485436,0.08606921029281278,0.10188398611799701,0.1368421052631579,0.108,0.10821759259259259,0.7999999999999999,0.8933160673373842,0.9935295847704607,0.41579648370864375,1
205368,90731,0,201804,0.1262135922330097,0.13309671694764863,0.15121467526028753,0.06315789473684211,0.058,0.07118055555555555,0.37198879551820724,0.42225321247136166,0.4618058340686078,0.2633166008873619,1
205382,90731,1,201804,0.1262135922330097,0.13309671694764863,0.15121467526028753,0.021052631578947368,0.094,0.10243055555555555,0.6644257703081232,0.736726765614105,0.7699794123151787,0.2633166008873619,1
205396,90731,2,201804,0.1262135922330097,0.13309671694764863,0.15121467526028753,0.18947368421052632,0.148,0.17939814814814814,0.7999999999999999,0.8933160673373842,0.9935295847704607,0.2633166008873619,1
207873,90732,0,201804,0.18932038834951453,0.2005323868677906,0.22657411998016855,0.07368421052631578,0.088,0.10532407407407407,0.37198879551820724,0.42225321247136166,0.4618058340686078,1.1148111992886416,1
207887,90732,1,201804,0.18932038834951453,0.2005323868677906,0.22657411998016855,0.15789473684210525,0.186,0.1892361111111111,0.6644257703081232,0.736726765614105,0.7699794123151787,1.1148111992886416,1
207901,90732,2,201804,0.18932038834951453,0.2005323868677906,0.22657411998016855,0.17894736842105263,0.178,0.234375,0.7999999999999999,0.8933160673373842,0.9935295847704607,1.1148111992886416,1
210378,90744,0,201804,0.1699029126213592,0.22005323868677906,0.27293009419930586,0.05263157894736842,0.08,0.11979166666666666,0.37198879551820724,0.42225321247136166,0.4618058340686078,0.5269024128320038,1
210392,90744,1,201804,0.1699029126213592,0.22005323868677906,0.27293009419930586,0.09473684210526316,0.186,0.2071759259259259,0.6644257703081232,0.736726765614105,0.7699794123151787,0.5269024128320038,1
210406,90744,2,201804,0.1699029126213592,0.22005323868677906,0.27293009419930586,0.22105263157894736,0.23,0.3101851851851852,0.7999999999999999,0.8933160673373842,0.9935295847704607,0.5269024128320038,1
212883,91030,0,201804,0.009708737864077669,0.015971606033717837,0.011403073872087258,0.010526315789473684,0.01,0.003472222222222222,0.37198879551820724,0.42225321247136166,0.4618058340686078,0.046247975902517544,1
212897,91030,1,201804,0.009708737864077669,0.015971606033717837,0.011403073872087258,0.010526315789473684,0.008,0.006944444444444444,0.6644257703081232,0.736726765614105,0.7699794123151787,0.046247975902517544,1
212911,91030,2,201804,0.009708737864077669,0.015971606033717837,0.011403073872087258,0.0,0.018000000000000002,0.016203703703703703,0.7999999999999999,0.8933160673373842,0.9935295847704607,0.046247975902517544,1
215388,91040,0,201804,0.038834951456310676,0.059449866903283057,0.07288051561725334,0.0,0.014,0.02546296296296296,0.37198879551820724,0.42225321247136166,0.4618058340686078,0.3716720267282389,1
215402,91040,1,201804,0.038834951456310676,0.059449866903283057,0.07288051561725334,0.042105263157894736,0.056,0.07175925925925926,0.6644257703081232,0.736726765614105,0.7699794123151787,0.3716720267282389,1
215416,91040,2,201804,0.038834951456310676,0.059449866903283057,0.07288051561725334,0.042105263157894736,0.064,0.07291666666666666,0.7999999999999999,0.8933160673373842,0.9935295847704607,0.3716720267282389,1
217893,91105,0,201804,0.0048543689320388345,0.00354924578527063,0.005949429846306396,0.0,0.0,0.0028935185185185184,0.37198879551820724,0.42225321247136166,0.4618058340686078,0.054922531152698066,1
217907,91105,1,201804,0.0048543689320388345,0.00354924578527063,0.005949429846306396,0.0,0.002,0.004050925925925926,0.6644257703081232,0.736726765614105,0.7699794123151787,0.054922531152698066,1
217921,91105,2,201804,0.0048543689320388345,0.00354924578527063,0.005949429846306396,0.010526315789473684,0.006,0.006944444444444444,0.7999999999999999,0.8933160673373842,0.9935295847704607,0.054922531152698066,1
220398,91204,0,201804,0.0048543689320388345,0.013309671694764862,0.014873574615765987,0.0,0.004,0.009837962962962962,0.37198879551820724,0.42225321247136166,0.4618058340686078,0.0963850682373478,1
220412,91204,1,201804,0.0048543689320388345,0.013309671694764862,0.014873574615765987,0.0,0.004,0.009837962962962962,0.6644257703081232,0.736726765614105,0.7699794123151787,0.0963850682373478,1
220426,91204,2,201804,0.0048543689320388345,0.013309671694764862,0.014873574615765987,0.010526315789473684,0.022,0.015046296296296295,0.7999999999999999,0.8933160673373842,0.9935295847704607,0.0963850682373478,1
222903,91205,0,201804,0.0048543689320388345,0.009760425909494233,0.007188894397620228,0.0,0.0,0.0028935185185185184,0.37198879551820724,0.42225321247136166,0.4618058340686078,0.01975320329959166,1
222917,91205,1,201804,0.0048543689320388345,0.009760425909494233,0.007188894397620228,0.0,0.004,0.0028935185185185184,0.6644257703081232,0.736726765614105,0.7699794123151787,0.01975320329959166,1
222931,91205,2,201804,0.0048543689320388345,0.009760425909494233,0.007188894397620228,0.010526315789473684,0.018000000000000002,0.01099537037037037,0.7999999999999999,0.8933160673373842,0.9935295847704607,0.01975320329959166,1
225408,91206,0,201804,0.0,0.0044365572315882874,0.006197322756569161,0.0,0.002,0.005208333333333333,0.37198879551820724,0.42225321247136166,0.4618058340686078,0.0194723198495534,1
225422,91206,1,201804,0.0,0.0044365572315882874,0.006197322756569161,0.0,0.004,0.003472222222222222,0.6644257703081232,0.736726765614105,0.7699794123151787,0.0194723198495534,1
225436,91206,2,201804,0.0,0.0044365572315882874,0.006197322756569161,0.0,0.004,0.005787037037037037,0.7999999999999999,0.8933160673373842,0.9935295847704607,0.0194723198495534,1
227913,91214,0,201804,0.0048543689320388345,0.007985803016858918,0.01264253842340109,0.0,0.002,0.005208333333333333,0.37198879551820724,0.42225321247136166,0.4618058340686078,0.04326850052325689,1
227927,91214,1,201804,0.0048543689320388345,0.007985803016858918,0.01264253842340109,0.010526315789473684,0.006,0.00636574074074074,0.6644257703081232,0.736726765614105,0.7699794123151787,0.04326850052325689,1
227941,91214,2,201804,0.0048543689320388345,0.007985803016858918,0.01264253842340109,0.0,0.01,0.017939814814814815,0.7999999999999999,0.8933160673373842,0.9935295847704607,0.04326850052325689,1
230418,91303,0,201804,0.2912621359223301,0.3034605146406389,0.30267724343083785,0.1368421052631579,0.138,0.13020833333333331,0.37198879551820724,0.42225321247136166,0.4618058340686078,1.1709456032216201,1
230432,91303,1,201804,0.2912621359223301,0.3034605146406389,0.30267724343083785,0.17894736842105263,0.228,0.24016203703703703,0.6644257703081232,0.736726765614105,0.7699794123151787,1.1709456032216201,1
230446,91303,2,201804,0.2912621359223301,0.3034605146406389,0.30267724343083785,0.3157894736842105,0.318,0.33622685185185186,0.7999999999999999,0.8933160673373842,0.9935295847704607,1.1709456032216201,1
232923,91304,0,201804,0.019417475728155338,0.020408163265306124,0.02652454139811601,0.0,0.002,0.011574074074074073,0.37198879551820724,0.42225321247136166,0.4618058340686078,0.05486029851950127,1
232937,91304,1,201804,0.019417475728155338,0.020408163265306124,0.02652454139811601,0.010526315789473684,0.014,0.02488425925925926,0.6644257703081232,0.736726765614105,0.7699794123151787,0.05486029851950127,1
232951,91304,2,201804,0.019417475728155338,0.020408163265306124,0.02652454139811601,0.031578947368421054,0.03,0.02546296296296296,0.7999999999999999,0.8933160673373842,0.9935295847704607,0.05486029851950127,1
235428,91306,0,201804,0.1262135922330097,0.16947648624667258,0.19856222112047595,0.06315789473684211,0.066,0.08796296296296297,0.37198879551820724,0.42225321247136166,0.4618058340686078,0.4578022297918041,1
235442,91306,1,201804,0.1262135922330097,0.16947648624667258,0.19856222112047595,0.11578947368421053,0.106,0.13194444444444445,0.6644257703081232,0.736726765614105,0.7699794123151787,0.4578022297918041,1
235456,91306,2,201804,0.1262135922330097,0.16947648624667258,0.19856222112047595,0.09473684210526316,0.21,0.24363425925925924,0.7999999999999999,0.8933160673373842,0.9935295847704607,0.4578022297918041,1
237933,91311,0,201804,0.02427184466019417,0.0709849157054126,0.0768468021814576,0.010526315789473684,0.036000000000000004,0.03356481481481481,0.37198879551820724,0.42225321247136166,0.4618058340686078,0.21839231808507245,1
237947,91311,1,201804,0.02427184466019417,0.0709849157054126,0.0768468021814576,0.031578947368421054,0.064,0.07233796296296297,0.6644257703081232,0.736726765614105,0.7699794123151787,0.21839231808507245,1
237961,91311,2,201804,0.02427184466019417,0.0709849157054126,0.0768468021814576,0.010526315789473684,0.06,0.07349537037037036,0.7999999999999999,0.8933160673373842,0.9935295847704607,0.21839231808507245,1
240438,91316,0,201804,0.05339805825242718,0.05678793256433008,0.06098165592464055,0.021052631578947368,0.018000000000000002,0.017939814814814815,0.37198879551820724,0.42225321247136166,0.4618058340686078,0.2355381886133822,1
240452,91316,1,201804,0.05339805825242718,0.05678793256433008,0.06098165592464055,0.05263157894736842,0.06,0.06770833333333333,0.6644257703081232,0.736726765614105,0.7699794123151787,0.2355381886133822,1
240466,91316,2,201804,0.05339805825242718,0.05678793256433008,0.06098165592464055,0.042105263157894736,0.05,0.05671296296296296,0.7999999999999999,0.8933160673373842,0.9935295847704607,0.2355381886133822,1
242943,91324,0,201804,0.17961165048543687,0.19165927240461403,0.20054536440257806,0.05263157894736842,0.066,0.08275462962962962,0.37198879551820724,0.42225321247136166,0.4618058340686078,0.7530109146883748,1
242957,91324,1,201804,0.17961165048543687,0.19165927240461403,0.20054536440257806,0.11578947368421053,0.164,0.1724537037037037,0.6644257703081232,0.736726765614105,0.7699794123151787,0.7530109146883748,1
242971,91324,2,201804,0.17961165048543687,0.19165927240461403,0.20054536440257806,0.22105263157894736,0.202,0.21296296296296297,0.7999999999999999,0.8933160673373842,0.9935295847704607,0.7530109146883748,1
245448,91325,0,201804,0.08737864077669902,0.08695652173913043,0.08998512642538423,0.021052631578947368,0.03,0.03993055555555555,0.37198879551820724,0.42225321247136166,0.4618058340686078,0.2883898804511835,1
245462,91325,1,201804,0.08737864077669902,0.08695652173913043,0.08998512642538423,0.06315789473684211,0.066,0.07291666666666666,0.6644257703081232,0.736726765614105,0.7699794123151787,0.2883898804511835,1
245476,91325,2,201804,0.08737864077669902,0.08695652173913043,0.08998512642538423,0.10526315789473684,0.1,0.09722222222222221,0.7999999999999999,0.8933160673373842,0.9935295847704607,0.2883898804511835,1
247953,91326,0,201804,0.0048543689320388345,0.019520851818988466,0.024045612295488347,0.0,0.006,0.008101851851851851,0.37198879551820724,0.42225321247136166,0.4618058340686078,0.07411139054832311,1
247967,91326,1,201804,0.0048543689320388345,0.019520851818988466,0.024045612295488347,0.0,0.024,0.02546296296296296,0.6644257703081232,0.736726765614105,0.7699794123151787,0.07411139054832311,1
247981,91326,2,201804,0.0048543689320388345,0.019520851818988466,0.024045612295488347,0.010526315789473684,0.014,0.022569444444444444,0.7999999999999999,0.8933160673373842,0.9935295847704607,0.07411139054832311,1
250458,91331,0,201804,0.21844660194174756,0.2466725820763088,0.2597917699553793,0.031578947368421054,0.092,0.09375,0.37198879551820724,0.42225321247136166,0.4618058340686078,0.2603003844593377,1
250472,91331,1,201804,0.21844660194174756,0.2466725820763088,0.2597917699553793,0.11578947368421053,0.156,0.19849537037037035,0.6644257703081232,0.736726765614105,0.7699794123151787,0.2603003844593377,1
250486,91331,2,201804,0.21844660194174756,0.2466725820763088,0.2597917699553793,0.3263157894736842,0.308,0.3142361111111111,0.7999999999999999,0.8933160673373842,0.9935295847704607,0.2603003844593377,1
252963,91335,0,201804,0.1553398058252427,0.21827861579414376,0.24814080317302922,0.031578947368421054,0.088,0.10127314814814814,0.37198879551820724,0.42225321247136166,0.4618058340686078,0.3466756898357026,1
252977,91335,1,201804,0.1553398058252427,0.21827861579414376,0.24814080317302922,0.18947368421052632,0.17400000000000002,0.1915509259259259,0.6644257703081232,0.736726765614105,0.7699794123151787,0.3466756898357026,1
252991,91335,2,201804,0.1553398058252427,0.21827861579414376,0.24814080317302922,0.11578947368421053,0.23,0.2864583333333333,0.7999999999999999,0.8933160673373842,0.9935295847704607,0.3466756898357026,1
255468,91340,0,201804,0.16019417475728154,0.2085181898846495,0.2535944471988101,0.010526315789473684,0.056,0.10243055555555555,0.37198879551820724,0.42225321247136166,0.4618058340686078,0.7706339741540535,1
255482,91340,1,201804,0.16019417475728154,0.2085181898846495,0.2535944471988101,0.17894736842105263,0.196,0.19212962962962962,0.6644257703081232,0.736726765614105,0.7699794123151787,0.7706339741540535,1
255496,91340,2,201804,0.16019417475728154,0.2085181898846495,0.2535944471988101,0.15789473684210525,0.218,0.29745370370370366,0.7999999999999999,0.8933160673373842,0.9935295847704607,0.7706339741540535,1
257973,91342,0,201804,0.014563106796116504,0.0292812777284827,0.03098661378284581,0.0,0.006,0.008680555555555556,0.37198879551820724,0.42225321247136166,0.4618058340686078,0.035096879576205144,1
257987,91342,1,201804,0.014563106796116504,0.0292812777284827,0.03098661378284581,0.031578947368421054,0.02,0.02199074074074074,0.6644257703081232,0.736726765614105,0.7699794123151787,0.035096879576205144,1
258001,91342,2,201804,0.014563106796116504,0.0292812777284827,0.03098661378284581,0.0,0.04,0.041666666666666664,0.7999999999999999,0.8933160673373842,0.9935295847704607,0.035096879576205144,1
260478,91343,0,201804,0.17475728155339804,0.194321206743567,0.2208725830441249,0.042105263157894736,0.098,0.11342592592592592,0.37198879551820724,0.42225321247136166,0.4618058340686078,0.3808360340827202,1
260492,91343,1,201804,0.17475728155339804,0.194321206743567,0.2208725830441249,0.15789473684210525,0.156,0.19560185185185183,0.6644257703081232,0.736726765614105,0.7699794123151787,0.3808360340827202,1
260506,91343,2,201804,0.17475728155339804,0.194321206743567,0.2208725830441249,0.17894736842105263,0.184,0.2065972222222222,0.7999999999999999,0.8933160673373842,0.9935295847704607,0.3808360340827202,1
262983,91344,0,201804,0.058252427184466014,0.10204081632653061,0.10114030738720872,0.042105263157894736,0.046,0.04513888888888889,0.37198879551820724,0.42225321247136166,0.4618058340686078,0.20305851189579857,1
262997,91344,1,201804,0.058252427184466014,0.10204081632653061,0.10114030738720872,0.021052631578947368,0.09,0.08333333333333333,0.6644257703081232,0.736726765614105,0.7699794123151787,0.20305851189579857,1
263011,91344,2,201804,0.058252427184466014,0.10204081632653061,0.10114030738720872,0.06315789473684211,0.094,0.10763888888888888,0.7999999999999999,0.8933160673373842,0.9935295847704607,0.20305851189579857,1
265488,91345,0,201804,0.1553398058252427,0.10470275066548358,0.10708973723351511,0.06315789473684211,0.04,0.046875,0.37198879551820724,0.42225321247136166,0.4618058340686078,0.6015228687642924,1
265502,91345,1,201804,0.1553398058252427,0.10470275066548358,0.10708973723351511,0.1368421052631579,0.08,0.09375,0.6644257703081232,0.736726765614105,0.7699794123151787,0.6015228687642924,1
265516,91345,2,201804,0.1553398058252427,0.10470275066548358,0.10708973723351511,0.1368421052631579,0.116,0.109375,0.7999999999999999,0.8933160673373842,0.9935295847704607,0.6015228687642924,1
267993,91352,0,201804,0.04368932038834951,0.08340727595385981,0.0880019831432821,0.021052631578947368,0.032,0.03645833333333333,0.37198879551820724,0.42225321247136166,0.4618058340686078,0.1912419108649751,1
268007,91352,1,201804,0.04368932038834951,0.08340727595385981,0.0880019831432821,0.0,0.076,0.08275462962962962,0.6644257703081232,0.736726765614105,0.7699794123151787,0.1912419108649751,1
268021,91352,2,201804,0.04368932038834951,0.08340727595385981,0.0880019831432821,0.07368421052631578,0.08,0.08622685185185185,0.7999999999999999,0.8933160673373842,0.9935295847704607,0.1912419108649751,1
270498,91356,0,201804,0.07766990291262135,0.1064773735581189,0.11031234506693108,0.021052631578947368,0.038,0.043402777777777776,0.37198879551820724,0.42225321247136166,0.4618058340686078,0.38904780208071166,1
270512,91356,1,201804,0.07766990291262135,0.1064773735581189,0.11031234506693108,0.06315789473684211,0.08600000000000001,0.08854166666666666,0.6644257703081232,0.736726765614105,0.7699794123151787,0.38904780208071166,1
270526,91356,2,201804,0.07766990291262135,0.1064773735581189,0.11031234506693108,0.08421052631578947,0.116,0.1255787037037037,0.7999999999999999,0.8933160673373842,0.9935295847704607,0.38904780208071166,1
273003,91364,0,201804,0.058252427184466014,0.03460514640638864,0.039414972731779865,0.05263157894736842,0.022,0.019675925925925923,0.37198879551820724,0.42225321247136166,0.4618058340686078,0.15840394364048094,1
273017,91364,1,201804,0.058252427184466014,0.03460514640638864,0.039414972731779865,0.042105263157894736,0.032,0.02662037037037037,0.6644257703081232,0.736726765614105,0.7699794123151787,0.15840394364048094,1
273031,91364,2,201804,0.058252427184466014,0.03460514640638864,0.039414972731779865,0.031578947368421054,0.024,0.04571759259259259,0.7999999999999999,0.8933160673373842,0.9935295847704607,0.15840394364048094,1
275508,91367,0,201804,0.12135922330097086,0.11889973380656611,0.1588993554784333,0.042105263157894736,0.018000000000000002,0.048032407407407406,0.37198879551820724,0.42225321247136166,0.4618058340686078,0.41794404514963396,1
275522,91367,1,201804,0.12135922330097086,0.11889973380656611,0.1588993554784333,0.10526315789473684,0.096,0.13425925925925924,0.6644257703081232,0.736726765614105,0.7699794123151787,0.41794404514963396,1
275536,91367,2,201804,0.12135922330097086,0.11889973380656611,0.1588993554784333,0.11578947368421053,0.154,0.18865740740740738,0.7999999999999999,0.8933160673373842,0.9935295847704607,0.41794404514963396,1
278013,91401,0,201804,0.16504854368932037,0.17480035492457854,0.18616757560733763,0.07368421052631578,0.08600000000000001,0.08680555555555555,0.37198879551820724,0.42225321247136166,0.4618058340686078,0.4923335055364012,1
278027,91401,1,201804,0.16504854368932037,0.17480035492457854,0.18616757560733763,0.12631578947368421,0.13,0.1429398148148148,0.6644257703081232,0.736726765614105,0.7699794123151787,0.4923335055364012,1
278041,91401,2,201804,0.16504854368932037,0.17480035492457854,0.18616757560733763,0.15789473684210525,0.178,0.2048611111111111,0.7999999999999999,0.8933160673373842,0.9935295847704607,0.4923335055364012,1
280518,91402,0,201804,0.20388349514563106,0.25377107364685003,0.29846306395637084,0.06315789473684211,0.11800000000000001,0.1273148148148148,0.37198879551820724,0.42225321247136166,0.4618058340686078,0.4441314384828234,1
280532,91402,1,201804,0.20388349514563106,0.25377107364685003,0.29846306395637084,0.16842105263157894,0.178,0.2332175925925926,0.6644257703081232,0.736726765614105,0.7699794123151787,0.4441314384828234,1
280546,91402,2,201804,0.20388349514563106,0.25377107364685003,0.29846306395637084,0.21052631578947367,0.276,0.33622685185185186,0.7999999999999999,0.8933160673373842,0.9935295847704607,0.4441314384828234,1
283023,91403,0,201804,0.05339805825242718,0.05235137533274179,0.06668319286068418,0.021052631578947368,0.038,0.039351851851851846,0.37198879551820724,0.42225321247136166,0.4618058340686078,0.29500299236425653,1
283037,91403,1,201804,0.05339805825242718,0.05235137533274179,0.06668319286068418,0.021052631578947368,0.032,0.04571759259259259,0.6644257703081232,0.736726765614105,0.7699794123151787,0.29500299236425653,1
283051,91403,2,201804,0.05339805825242718,0.05235137533274179,0.06668319286068418,0.07368421052631578,0.048,0.07060185185185185,0.7999999999999999,0.8933160673373842,0.9935295847704607,0.29500299236425653,1
285528,91405,0,201804,0.1844660194174757,0.23691215616681455,0.2890431333663857,0.042105263157894736,0.10200000000000001,0.13136574074074073,0.37198879551820724,0.42225321247136166,0.4618058340686078,0.5871398809600262,1
285542,91405,1,201804,0.1844660194174757,0.23691215616681455,0.2890431333663857,0.17894736842105263,0.178,0.22916666666666666,0.6644257703081232,0.736726765614105,0.7699794123151787,0.5871398809600262,1
285556,91405,2,201804,0.1844660194174757,0.23691215616681455,0.2890431333663857,0.17894736842105263,0.254,0.3142361111111111,0.7999999999999999,0.8933160673373842,0.9935295847704607,0.5871398809600262,1
288033,91406,0,201804,0.10679611650485436,0.12156166814551908,0.11824491819533961,0.031578947368421054,0.052000000000000005,0.04571759259259259,0.37198879551820724,0.42225321247136166,0.4618058340686078,0.23826954189747904,1
288047,91406,1,201804,0.10679611650485436,0.12156166814551908,0.11824491819533961,0.09473684210526316,0.106,0.09664351851851852,0.6644257703081232,0.736726765614105,0.7699794123151787,0.23826954189747904,1
288061,91406,2,201804,0.10679611650485436,0.12156166814551908,0.11824491819533961,0.10526315789473684,0.116,0.13368055555555555,0.7999999999999999,0.8933160673373842,0.9935295847704607,0.23826954189747904,1
290538,91411,0,201804,0.13106796116504854,0.1650399290150843,0.17699553792761527,0.07368421052631578,0.06,0.0636574074074074,0.37198879551820724,0.42225321247136166,0.4618058340686078,0.7466469232733395,1
290552,91411,1,201804,0.13106796116504854,0.1650399290150843,0.17699553792761527,0.08421052631578947,0.148,0.16377314814814814,0.6644257703081232,0.736726765614105,0.7699794123151787,0.7466469232733395,1
290566,91411,2,201804,0.13106796116504854,0.1650399290150843,0.17699553792761527,0.12631578947368421,0.164,0.18576388888888887,0.7999999999999999,0.8933160673373842,0.9935295847704607,0.7466469232733395,1
293043,91423,0,201804,0.04368932038834951,0.05767524401064774,0.07288051561725334,0.021052631578947368,0.032,0.03530092592592592,0.37198879551820724,0.42225321247136166,0.4618058340686078,0.24431940010027697,1
293057,91423,1,201804,0.04368932038834951,0.05767524401064774,0.07288051561725334,0.031578947368421054,0.04,0.06655092592592592,0.6644257703081232,0.736726765614105,0.7699794123151787,0.24431940010027697,1
293071,91423,2,201804,0.04368932038834951,0.05767524401064774,0.07288051561725334,0.042105263157894736,0.058,0.06828703703703703,0.7999999999999999,0.8933160673373842,0.9935295847704607,0.24431940010027697,1
295548,91436,0,201804,0.019417475728155338,0.021295474711623782,0.03073872087258304,0.0,0.004,0.01099537037037037,0.37198879551820724,0.42225321247136166,0.4618058340686078,0.222203394718508,1
295562,91436,1,201804,0.019417475728155338,0.021295474711623782,0.03073872087258304,0.031578947368421054,0.028,0.0318287037037037,0.6644257703081232,0.736726765614105,0.7699794123151787,0.222203394718508,1
295576,91436,2,201804,0.019417475728155338,0.021295474711623782,0.03073872087258304,0.010526315789473684,0.016,0.028935185185185182,0.7999999999999999,0.8933160673373842,0.9935295847704607,0.222203394718508,1
298053,91601,0,201804,0.17961165048543687,0.18189884649511978,0.19360436291522062,0.18947368421052632,0.124,0.12384259259259259,0.37198879551820724,0.42225321247136166,0.4618058340686078,0.5409882859598736,1
298067,91601,1,201804,0.17961165048543687,0.18189884649511978,0.19360436291522062,0.11578947368421053,0.138,0.13425925925925924,0.6644257703081232,0.736726765614105,0.7699794123151787,0.5409882859598736,1
298081,91601,2,201804,0.17961165048543687,0.18189884649511978,0.19360436291522062,0.08421052631578947,0.148,0.19386574074074073,0.7999999999999999,0.8933160673373842,0.9935295847704607,0.5409882859598736,1
300558,91602,0,201804,0.04368932038834951,0.060337178349600715,0.06395637084779375,0.031578947368421054,0.024,0.030671296296296294,0.37198879551820724,0.42225321247136166,0.4618058340686078,0.3802755840507634,1
300572,91602,1,201804,0.04368932038834951,0.060337178349600715,0.06395637084779375,0.031578947368421054,0.07,0.054976851851851846,0.6644257703081232,0.736726765614105,0.7699794123151787,0.3802755840507634,1
300586,91602,2,201804,0.04368932038834951,0.060337178349600715,0.06395637084779375,0.031578947368421054,0.042,0.0636574074074074,0.7999999999999999,0.8933160673373842,0.9935295847704607,0.3802755840507634,1
303063,91604,0,201804,0.03398058252427184,0.0585625554569654,0.051561725334655424,0.010526315789473684,0.034,0.03587962962962963,0.37198879551820724,0.42225321247136166,0.4618058340686078,0.18450267853096441,1
303077,91604,1,201804,0.03398058252427184,0.0585625554569654,0.051561725334655424,0.0,0.034,0.03298611111111111,0.6644257703081232,0.736726765614105,0.7699794123151787,0.18450267853096441,1
303091,91604,2,201804,0.03398058252427184,0.0585625554569654,0.051561725334655424,0.06315789473684211,0.064,0.05150462962962963,0.7999999999999999,0.8933160673373842,0.9935295847704607,0.18450267853096441,1
305568,91605,0,201804,0.17961165048543687,0.22271517302573204,0.2610312345066931,0.05263157894736842,0.10400000000000001,0.12037037037037036,0.37198879551820724,0.42225321247136166,0.4618058340686078,0.4813207854634889,1
305582,91605,1,201804,0.17961165048543687,0.22271517302573204,0.2610312345066931,0.16842105263157894,0.186,0.21412037037037035,0.6644257703081232,0.736726765614105,0.7699794123151787,0.4813207854634889,1
305596,91605,2,201804,0.17961165048543687,0.22271517302573204,0.2610312345066931,0.16842105263157894,0.212,0.27488425925925924,0.7999999999999999,0.8933160673373842,0.9935295847704607,0.4813207854634889,1
308073,91606,0,201804,0.19902912621359223,0.2236024844720497,0.23748140803173026,0.09473684210526316,0.098,0.10185185185185185,0.37198879551820724,0.42225321247136166,0.4618058340686078,0.5487881676950159,1
308087,91606,1,201804,0.19902912621359223,0.2236024844720497,0.23748140803173026,0.17894736842105263,0.196,0.17997685185185183,0.6644257703081232,0.736726765614105,0.7699794123151787,0.5487881676950159,1
308101,91606,2,201804,0.19902912621359223,0.2236024844720497,0.23748140803173026,0.15789473684210525,0.21,0.2725694444444444,0.7999999999999999,0.8933160673373842,0.9935295847704607,0.5487881676950159,1
310578,91607,0,201804,0.038834951456310676,0.08251996450754215,0.09692612791274169,0.021052631578947368,0.028,0.04282407407407407,0.37198879551820724,0.42225321247136166,0.4618058340686078,0.360577551513251,1
310592,91607,1,201804,0.038834951456310676,0.08251996450754215,0.09692612791274169,0.031578947368421054,0.084,0.08564814814814814,0.6644257703081232,0.736726765614105,0.7699794123151787,0.360577551513251,1
310606,91607,2,201804,0.038834951456310676,0.08251996450754215,0.09692612791274169,0.031578947368421054,0.074,0.09780092592592592,0.7999999999999999,0.8933160673373842,0.9935295847704607,0.360577551513251,1
313083,91608,0,201804,0.009708737864077669,0.013309671694764862,0.016608824987605353,0.0,0.01,0.01273148148148148,0.37198879551820724,0.42225321247136166,0.4618058340686078,0.0,1
313097,91608,1,201804,0.009708737864077669,0.013309671694764862,0.016608824987605353,0.021052631578947368,0.014,0.014467592592592591,0.6644257703081232,0.736726765614105,0.7699794123151787,0.0,1
313111,91608,2,201804,0.009708737864077669,0.013309671694764862,0.016608824987605353,0.0,0.006,0.011574074074074073,0.7999999999999999,0.8933160673373842,0.9935295847704607,0.0,1
